{
  "tables": {
    "1": {
      "top": "8.849538167317709%",
      "left": "4.439621112998363%"
    },
    "2": {
      "top": "8.828704833984375%",
      "left": "16.375083704337534%"
    },
    "3": {
      "top": "30.500002543131515%",
      "left": "10.582302186065428%"
    },
    "4": {
      "top": "60.333335876464844%",
      "left": "11.007795478091175%"
    },
    "5": {
      "top": "39.96031624930245%",
      "left": "28.2691727817635%"
    },
    "6": {
      "top": "11.5%",
      "left": "32.50934095321621%"
    },
    "7": {
      "top": "8.988098871140252%",
      "left": "45.16812918899583%"
    },
    "8": {
      "top": "38.38954743884858%",
      "left": "42.2484344909356%"
    },
    "9": {
      "top": "57.16666920979818%",
      "left": "58.92892143253419%"
    },
    "10": {
      "top": "9.798282441638765%",
      "left": "60.34696267996851%"
    },
    "11": {
      "top": "37.66434987386067%",
      "left": "67.45286336462249%"
    },
    "12": {
      "top": "26.946759541829426%",
      "left": "80.57409666943347%"
    },
    "13": {
      "top": "55.00000254313151%",
      "left": "79.5395086846068%"
    },
    "14": {
      "top": "79.0079352969215%",
      "left": "28.966037391425786%"
    }
  },
  "elements": {
    "entrance": {
      "left": "42.68882773113431%",
      "top": "92.02083206176758%"
    },
    "kitchen": {
      "top": "1.1845252627418166%",
      "left": "87.2777262004858%",
      "width": "140px",
      "height": "80px"
    },
    "counter": {
      "left": "45.064272117899854%",
      "top": "69.09226190476191%"
    }
  },
  "windows": [
    {
      "top": "20%",
      "left": "1%"
    },
    {
      "top": "42%",
      "left": "1%"
    },
    {
      "top": "64%",
      "left": "1%"
    }
  ],
  "restrooms": [
    {
      "id": "wc1",
      "top": "69.26488967168899%",
      "left": "86.3892382520553%"
    },
    {
      "id": "wc2",
      "top": "52.723214285714285%",
      "left": "92.54409858464126%"
    }
  ],
  "rotations": {
    "element-entrance": 0,
    "table-12": 0,
    "table-7": 0,
    "table-1": 90,
    "table-5": 0,
    "table-2": 90,
    "table-10": 0,
    "table-6": 0
  },
  "sizes": {
    "element-kitchen": {
      "width": "145px",
      "height": "75px"
    },
    "element-entrance": {
      "width": "181.1125030517578px",
      "height": "53.79999923706055px"
    },
    "element-counter": {
      "width": "114.85000610351562px",
      "height": "50.60000228881836px"
    },
    "restroom-wc1": {
      "width": "61px",
      "height": "70px"
    },
    "restroom-wc2": {
      "width": "60px",
      "height": "69px"
    }
  }
}