[
  {
    "id": 1,
    "capacity": 2,
    "available": true
  },
  {
    "id": 2,
    "capacity": 2,
    "available": true
  },
  {
    "id": 3,
    "capacity": 4,
    "available": true
  },
  {
    "id": 4,
    "capacity": 4,
    "available": true
  },
  {
    "id": 5,
    "capacity": 6,
    "available": true
  },
  {
    "id": 6,
    "capacity": 4,
    "available": true
  },
  {
    "id": 7,
    "capacity": 4,
    "available": true
  },
  {
    "id": 8,
    "capacity": 1,
    "available": true
  },
  {
    "id": 9,
    "capacity": 1,
    "available": true
  },
  {
    "id": 10,
    "capacity": 16,
    "available": true
  },
  {
    "id": 11,
    "capacity": 7,
    "available": true
  },
  {
    "id": 12,
    "capacity": 5,
    "available": true
  },
  {
    "id": 13,
    "capacity": 7,
    "available": true
  },
  {
    "id": 14,
    "capacity": 7,
    "available": true
  }
]