[
  {
    "id": 1764893837845,
    "name": "Ali",
    "people": 5,
    "table": 12,
    "time": "12:00 - 13:00",
    "phone": "+60123456789",
    "date": "2025-12-05"
  },
  {
    "id": 1764893995691,
    "name": "Abu",
    "people": 3,
    "table": 3,
    "time": "16:00 - 17:00",
    "phone": "+602468101214",
    "date": "2025-12-05"
  },
  {
    "id": 1764894553514,
    "name": "Ali",
    "people": 7,
    "table": 11,
    "time": "10:00 - 11:00",
    "phone": "+60123456789",
    "date": "2025-12-05"
  },
  {
    "id": 1764894593891,
    "name": "Abu",
    "people": 5,
    "table": 12,
    "time": "10:00 - 11:00",
    "phone": "+601235678921",
    "date": "2025-12-05"
  },
  {
    "id": 1764894860712,
    "name": "abibo",
    "people": 4,
    "table": 3,
    "time": "10:00 - 11:00",
    "phone": "+60135791113",
    "date": "2025-12-05"
  },
  {
    "id": 1764894939601,
    "name": "mutu",
    "people": 10,
    "table": 10,
    "time": "10:00 - 11:00",
    "phone": "60789537257",
    "date": "2025-12-05"
  },
  {
    "id": 1764917158513,
    "name": "alibaba",
    "people": 7,
    "table": 11,
    "time": "14:00 - 15:00",
    "phone": "+60123456789",
    "date": "2025-12-05"
  },
  {
    "id": 1764923900672,
    "name": "abc",
    "people": 6,
    "table": 5,
    "time": "15:00 - 16:00",
    "phone": "+601234556788",
    "date": "2025-12-05"
  },
  {
    "id": 1764927022258,
    "name": "labubu",
    "people": 4,
    "table": 3,
    "time": "15:00 - 16:00",
    "phone": "+607977987987",
    "date": "2025-12-05"
  },
  {
    "id": 1764943164558,
    "name": "dhudskh",
    "people": 7,
    "table": 11,
    "time": "21:00 - 22:00",
    "phone": "+608787787887",
    "date": "2025-12-05"
  },
  {
    "id": 1764943318720,
    "name": "fnnenk",
    "people": 4,
    "table": 3,
    "time": "21:00 - 22:00",
    "phone": "+607878778748",
    "date": "2025-12-05"
  },
  {
    "id": 1764943516011,
    "name": "dfwffdw",
    "people": 4,
    "table": 3,
    "time": "20:00 - 21:00",
    "phone": "+607878778748",
    "date": "2025-12-05"
  },
  {
    "id": 1764943768194,
    "name": "klkllkkl",
    "people": 8,
    "table": 10,
    "time": "21:00 - 22:00",
    "phone": "+607878778748",
    "date": "2025-12-05"
  },
  {
    "id": 1764943786299,
    "name": "jjkjkjk",
    "people": 8,
    "table": 10,
    "time": "15:00 - 16:00",
    "phone": "+607878778748",
    "date": "2025-12-06",
    "cancelled": true
  },
  {
    "id": 1764924085605,
    "name": "jhkhkfjh",
    "people": 4,
    "table": 3,
    "time": "17:00 - 18:00",
    "phone": "+607878887878",
    "date": "2025-12-10",
    "cancelled": true
  },
  {
    "id": 1764926711287,
    "name": "alibubu",
    "people": 3,
    "table": 3,
    "time": "13:00 - 14:00",
    "phone": "+607977987987",
    "date": "2025-12-11",
    "cancelled": true
  },
  {
    "id": 1764944871627,
    "name": "abc",
    "people": 3,
    "table": 3,
    "time": "12:00 - 13:00",
    "phone": "+60456789",
    "date": "2025-12-06",
    "cancelled": true
  },
  {
    "id": 1764945141122,
    "name": "abc",
    "people": 4,
    "table": 3,
    "time": "17:00 - 18:00",
    "phone": "+60456789",
    "date": "2025-12-06",
    "cancelled": true
  },
  {
    "id": 1765002854128,
    "name": "alibaba",
    "people": 7,
    "table": 11,
    "time": "14:00 - 15:00",
    "phone": "+60123456789",
    "date": "2025-12-06",
    "completed": true
  },
  {
    "id": 1764977457749,
    "name": "usidisi",
    "people": 6,
    "table": 5,
    "time": "16:00 - 17:00",
    "phone": "+60123456789",
    "date": "2025-12-06",
    "completed": true
  }
]